ID,OID,TITLE,Description,Option,Price
1,-,Chain Necklace,CUSTOM CHAIN MID * LOCALLY SOURCED MATERIALS * ONE-OFF PIECE ,-,60.0
2,-,Chain Necklace,CUSTOM CHAIN MID * LOCALLY SOURCED MATERIALS * ONE-OFF PIECE ,-,60.0
3,S,Buckle Belt,SZ SMALL GUN-METAL BUCKLE * PIECES by YJ ENGRAVING * ONE-OFF PIECE,Small,120.0
3,M,Buckle Belt,SZ MEDIUM GUN-METAL BUCKLE * PIECES by YJ ENGRAVING * ONE-OFF PIECE,Medium,120.0
3,L,Buckle Belt,SZ LARGE GUN-METAL BUCKLE * PIECES by YJ ENGRAVING * ONE-OFF PIECE,Large,120.0